<?xml version="1.0" encoding="UTF-8"?>
<!DOCTYPE mapper
    PUBLIC "-//mybatis.org//DTD Mapper 3.0//EN"
    "http://mybatis.org/dtd/mybatis-3-mapper.dtd">

<!-- 부모 노릇을 할 인터페이스를 지정 -->
<!-- implements IAdminReportDAO -->
<mapper namespace="com.haroot.mybatis.IAdminReportDAO">
	<!-- select 쿼리 →<select id="메소드 이름"></select> -->
	<!-- 고유해야 하기 때문에(식별가능해야하기때문에 id 속성) -->
	<!-- resultType 은 각각 하나씩 바인딩 되는 곳 -->	
	
	<!-- 미처리 게시판 게시물 수 -->
	<select id="boardNotHandled" resultType="java.lang.Integer">
		SELECT COUNT(*)
		  FROM REPORTVIEW
		 WHERE REP_TYPE_CODE = 1
		   AND REP_STATE_CODE = 1
	</select>
	
  	<!-- 미처리 게시판 댓글 수 -->
  	<select id="boardCommNotHandled" resultType="java.lang.Integer">
		SELECT COUNT(*)
		  FROM REPORTVIEW
		 WHERE REP_TYPE_CODE = 2
		   AND REP_STATE_CODE = 1
	</select>
	
	<!-- 미처리 산책메이트 방 수 -->
	<select id="walkNotHandled" resultType="java.lang.Integer">
		SELECT COUNT(*)
		FROM REPORTVIEW
		WHERE REP_TYPE_CODE = 3
		  AND REP_STATE_CODE = 1
	</select>
	
	<!-- 미처리 산책메이트 댓글 수 -->
	<select id="walkCommNotHandled" resultType="java.lang.Integer">
		SELECT COUNT(*)
		FROM REPORTVIEW
		WHERE REP_TYPE_CODE = 5
		 AND REP_STATE_CODE = 1
	</select>
	
	<!-- 미처리 오프라인신고 의견 수 -->
	<select id="walkOffNotHandled" resultType="java.lang.Integer">
		SELECT COUNT(*)
		FROM REPORTVIEW
		WHERE REP_TYPE_CODE = 4
		 AND REP_STATE_CODE = 1
	</select>

	<!-- 미처리 고객문의 수 -->
	<select id="askNotHandled" resultType="java.lang.Integer">
		SELECT COUNT(*)
		FROM ASKVIEW
		WHERE ASK_STATE_CODE = 1
	</select>
	
	<!-- 게시판 게시물 신고리스트 출력 -->
	<select id="adBoardReportList" resultType="com.haroot.mybatis.AdminReportDTO">
		
		SELECT REP_LOG_CODE
		    , REP_TYPE_CODE
		    , REP_TYPE_CONTENT
		    , SID_CODE
		    , REPORTER_NICKNAME
		    , REP_LOG_DATE
		    , REP_STATE_CODE
		    , REP_STATE_CONTENT
            , LOG_READ_STATE
		    , BOARD_REP_CODE
		    , BOARD_CODE
		    , BOARD_WRITER
		    , BOARD_TITLE
		    , BOARD_CONTENT
		FROM REPORTVIEW
		WHERE REP_TYPE_CODE = 1
		ORDER BY REP_LOG_CODE DESC
		
	</select>
	
	<!-- 게시판 게시물 신고리스트 출력 : 미처리 상태 1 -->
	<select id="adBoardReportList1" resultType="com.haroot.mybatis.AdminReportDTO">
		
		SELECT REP_LOG_CODE
		    , REP_TYPE_CODE
		    , REP_TYPE_CONTENT
		    , SID_CODE
		    , REPORTER_NICKNAME
		    , REP_LOG_DATE
		    , REP_STATE_CODE
		    , REP_STATE_CONTENT
            , LOG_READ_STATE
		    , BOARD_REP_CODE
		    , BOARD_CODE
		    , BOARD_WRITER
		    , BOARD_TITLE
		    , BOARD_CONTENT
		FROM REPORTVIEW
		WHERE REP_TYPE_CODE = 1
          AND REP_STATE_CODE = 1
		ORDER BY REP_LOG_CODE DESC
		
	</select>
	
	<!-- 게시판 게시물 신고리스트 출력 : 신고해제 상태 2 -->
	<select id="adBoardReportList2" resultType="com.haroot.mybatis.AdminReportDTO">
		
		SELECT REP_LOG_CODE
		    , REP_TYPE_CODE
		    , REP_TYPE_CONTENT
		    , SID_CODE
		    , REPORTER_NICKNAME
		    , REP_LOG_DATE
		    , REP_STATE_CODE
		    , REP_STATE_CONTENT
            , LOG_READ_STATE
		    , BOARD_REP_CODE
		    , BOARD_CODE
		    , BOARD_WRITER
		    , BOARD_TITLE
		    , BOARD_CONTENT
		FROM REPORTVIEW
		WHERE REP_TYPE_CODE = 1
          AND REP_STATE_CODE = 2
		ORDER BY REP_LOG_CODE DESC
		
	</select>
	
	<!-- 게시판 게시물 신고리스트 출력 : 신고확정 상태 3 -->
	<select id="adBoardReportList3" resultType="com.haroot.mybatis.AdminReportDTO">
		
		SELECT REP_LOG_CODE
		    , REP_TYPE_CODE
		    , REP_TYPE_CONTENT
		    , SID_CODE
		    , REPORTER_NICKNAME
		    , REP_LOG_DATE
		    , REP_STATE_CODE
		    , REP_STATE_CONTENT
            , LOG_READ_STATE
		    , BOARD_REP_CODE
		    , BOARD_CODE
		    , BOARD_WRITER
		    , BOARD_TITLE
		    , BOARD_CONTENT
		FROM REPORTVIEW
		WHERE REP_TYPE_CODE = 1
          AND REP_STATE_CODE = 3
		ORDER BY REP_LOG_CODE DESC
		
	</select>
	
	<!-- 산책메이트 방 신고리스트 출력 -->
	<select id="adWalkroomReportList" resultType="com.haroot.mybatis.AdminReportDTO">
		SELECT REP_LOG_CODE 
			    , REP_TYPE_CODE
			    , REP_TYPE_CONTENT
			    , SID_CODE
			    , REP_LOG_DATE
			    , REP_STATE_CODE
			    , REP_STATE_CONTENT
			    , REP_LOG_READ
			    , WALKROOM_REP_CODE
			    , WALKROOM_LEADER
			    , WALKROOM_CODE
			    , WALKROOM_TITLE
			    , WALKROOM_WORDS
		FROM REPORTVIEW
		WHERE REP_TYPE_CODE = 3
		ORDER BY REP_LOG_CODE
	</select>
	
	<!-- 읽지않은 게시판 > 신고된 게시물 수 조회 -->
	<select id="boardNotRead" resultType="java.lang.Integer">
		SELECT COUNT(*)
		FROM REPORTVIEW
		WHERE REP_LOG_READ IS NULL
		  AND REP_TYPE_CODE = 1
	</select>
	
	<!-- 읽지 않은 산책방 > 신고된 산책방 수 조회 -->
	<select id="walkNotRead" resultType="java.lang.Integer">
		SELECT COUNT(*)
		FROM REPORTVIEW
		WHERE REP_LOG_READ IS NULL
		  AND REP_TYPE_CODE = 3
	</select>
	
	<!-- 읽지않은 오프라인 신고 수 조회 -->
	<select id="offNotRead" resultType="java.lang.Integer">
		SELECT COUNT(*)
		FROM REPORTVIEW
		WHERE REP_LOG_READ IS NULL
		  AND REP_TYPE_CODE = 4
	</select>
	
	<!-- 
	<insert id="add"> memberDTO 클래스의 #{ 속성 } 으로 넘김
		INSERT INTO TBL_MEMBERLIST(MID, NAME, TELEPHONE)
		VALUES(MEMBERLISTSEQ.NEXTVAL, #{name}, #{telephone}) 
	</insert>
	
	<delete id="remove">
		DELETE 
		FROM TBL_MEMBERLIST
		WHERE MID = #{mid}
	</delete>
	
	<update id="modify">
		UPDATE TBL_MEMBERLIST
		SET NAME = #{name}, TELEPHONE = #{telephone }
		WHERE MID = #{mid}
	</update> 
	-->
	
	<!-- 신고내역코드로 특정 신고 조회 -->
	<select id="search" resultType="com.haroot.mybatis.AdminReportDTO">
		
		SELECT REP_LOG_CODE
		    , REP_TYPE_CODE
		    , REP_TYPE_CONTENT
		    , SID_CODE
		    , REPORTER_NICKNAME
		    , REP_LOG_DATE
		    , REP_STATE_CODE
		    , REP_STATE_CONTENT
            , LOG_READ_STATE
		    , BOARD_REP_CODE
		    , BOARD_CODE
		    , BOARD_WRITER
		    , BOARD_TITLE
		    , BOARD_CONTENT
		FROM REPORTVIEW
		WHERE REP_LOG_CODE = #{rep_log_code}
		
	</select>
	
	<!-- 신고 처리 (미처리 → 신고해제, 신고확정) -->
	<update id="handleReport">
		UPDATE TBL_REPORT_LOG
		SET REP_STATE_CODE = #{rep_state_code, jdbcType=VARCHAR}
		WHERE REP_LOG_CODE IN (SELECT REP_LOG_CODE
		                         FROM TBL_BOARD_REPORT
		                        WHERE BOARD_CODE = #{board_code, jdbcType=VARCHAR})
	</update> 
	
</mapper>