<?xml version="1.0" encoding="UTF-8"?>
<!DOCTYPE mapper
    PUBLIC "-//mybatis.org//DTD Mapper 3.0//EN"
    "http://mybatis.org/dtd/mybatis-3-mapper.dtd">

<mapper namespace="com.haroot.mybatis.IWalkRoomDAO"><!-- implements IMemberDAO -->
	
	<!-- 산책메이트 메인페이지에서 산책방 리스트 불러오는 메소드 -->
	<select id="list" resultType="com.haroot.mybatis.WalkRoomDTO">
		SELECT WALKROOM_CODE, WALKROOM_LEADER, AUTO_CODE
		     , STYLE_CONTENT, BITE_CONTENT, DESEX_CONTENT, SAMESEX_CONTENT
		     , WALKROOM_MIN, WALKROOM_MAX, WALKROOM_START, WALKROOM_END
		     , WALKROOM_TITLE, WALKROOM_WORDS
		     , WALKROOM_PLACE, WALKROOM_LATITUDE, WALKROOM_LONGITUDE
		     , WALKROOM_GENDATE, MEM_NICKNAME, PARTI_COUNT
		FROM WALKROOMLISTVIEW
	</select>
	
	<select id="count" resultType="java.lang.Integer">
		SELECT COUNT(*) AS COUNT
		FROM WALKROOMLISTVIEW
	</select>
	
	<select id="max" resultType="java.lang.Integer">
		SELECT MAX(WALKROOM_CODE) AS MAX_NUM
		FROM WALKROOMLISTVIEW
	</select>
	
	<insert id="add">
		INSERT INTO TBL_WALKROOM(WALKROOM_CODE, WALKROOM_LEADER
		, AUTO_CODE, STYLE_CODE, BITE_CODE, DESEX_CODE, SAMESEX_CODE
		, WALKROOM_MIN, WALKROOM_MAX
		, WALKROOM_START, WALKROOM_END
		, WALKROOM_TITLE, WALKROOM_WORDS, WALKROOM_PLACE, WALKROOM_LATITUDE, WALKROOM_LONGITUDE
		, WALKROOM_GENDATE)
		VALUES(#{walkroom_code, jdbcType=NUMERIC}, 'SID001'
		, #{auto_code}, #{style_code}, #{bite_code}, #{desex_code}, #{samesex_code}
		, #{walkroom_min}, #{walkroom_max}
		, TO_DATE(#{walkroom_start}, 'YYYY-MM-DD HH24:MI'), TO_DATE(#{walkroom_end}, 'YYYY-MM-DD HH24:MI')
		, #{walkroom_title}, #{walkroom_words, jdbcType=VARCHAR}, #{walkroom_place}, '35.046863', '128.966306'
		, TO_DATE(#{walkroom_gendate}, 'YYYY-MM-DD HH24:MI:SS'))
	</insert>
	
	<delete id="remove">
	</delete>
	
	<update id="modify">
		UPDATE TBL_WALKROOM
		SET AUTO_CODE=1, STYLE_CODE=2, BITE_CODE=0, DESEX_CODE=1, SAMESEX_CODE=0
		  , WALKROOM_MIN=2, WALKROOM_MAX=4
		  , WALKROOM_START=TO_DATE('2021-06-27', 'YYYY-MM-DD')
		  , WALKROOM_END=TO_DATE('2021-06-27', 'YYYY-MM-DD')
		  , WALKROOM_TITLE='함께 산책하실 분?'
		  , WALKROOM_WORDS='같이? 가요?'
		  , WALKROOM_PLACE='안양천 돌다리'
		  , WALKROOM_LATITUE='37. 475694'
		  , WALKROOM_LONGITUDE='126.876209'
		WHERE WALKROOM_CODE=1
	</update>
	
</mapper>

