-- ì ‘ì† ê³„ì • í™•ì¸
SELECT USER
FROM DUAL;
--==>> HAROOT

-- ìƒì„±ëœ í…Œì´ë¸” ë¦¬ìŠ¤íŠ¸ í™•ì¸
SELECT *
FROM TAB;

-- ì„¸ì…˜ ì„¤ì •
ALTER SESSION SET NLS_DATE_FORMAT = 'YYYY-MM-DD HH24:MI:SS';

-- 01. TBL_ADMIN : ê´€ë¦¬ìž
CREATE TABLE TBL_ADMIN
( ADMIN_CODE     VARCHAR2(30)
, ADMIN_ID       VARCHAR2(50) NOT NULL 
, ADMIN_PW       VARCHAR2(30) NOT NULL 
, ADMIN_NAME     VARCHAR2(30) NOT NULL
, ADMIN_REGDATE  DATE         DEFAULT SYSDATE
, CONSTRAINT ADMIN_CODE_PK PRIMARY KEY(ADMIN_CODE)
, CONSTRAINT ADMIN_ID_UK UNIQUE(ADMIN_ID)
);
--==>> Table TBL_ADMINì´(ê°€) ìƒì„±ë˜ì—ˆìŠµë‹ˆë‹¤.

DESC TBL_ADMIN;
--==>>
/*
ì´ë¦„            ë„?       ìœ í˜•           
------------- -------- ------------ 
ADMIN_CODE    NOT NULL VARCHAR2(30) 
ADMIN_ID      NOT NULL VARCHAR2(50) 
ADMIN_PW      NOT NULL VARCHAR2(30) 
ADMIN_NAME    NOT NULL VARCHAR2(30) 
ADMIN_REGDATE          DATE      
*/

INSERT INTO TBL_ADMIN(ADMIN_CODE, ADMIN_ID, ADMIN_PW, ADMIN_NAME)
VALUES ('ADMIN001', 'admin1', CRYPTPACK.ENCRYPT('0308', 'admin1'), 'ê¹€ì•„ë³„');
INSERT INTO TBL_ADMIN(ADMIN_CODE, ADMIN_ID, ADMIN_PW, ADMIN_NAME)
VALUES ('ADMIN002', 'admin2', CRYPTPACK.ENCRYPT('0909', 'admin2'), 'ë°•ë‚˜í˜„');
--==>> 1 í–‰ ì´(ê°€) ì‚½ìž…ë˜ì—ˆìŠµë‹ˆë‹¤. * 2

SELECT *
FROM TBL_ADMIN;
--==>> 
/*
ADMIN_CODE	ADMIN_ID	ADMIN_PW	ADMIN_NAME	ADMIN_REGDATE
ADMIN001	admin1	    Å“ï¿½ï¿½	        ê¹€ì•„ë³„	    2021-06-27 15:41:27
ADMIN002	admin2	   ï¿½nÈ£	        ë°•ë‚˜í˜„	    2021-06-27 15:44:11
*/


-- 02. TBL_NOTICE_LEG : ê³µì§€ ì¹´í…Œê³ ë¦¬ ë²”ë¡€
CREATE TABLE TBL_NOTICE_LEG
( NOTICE_CATE_CODE      VARCHAR2(2)
, NOTICE_CATE_CONTENT   VARCHAR2(30) NOT NULL
, CONSTRAINT NOTICELEG_CODE_PK PRIMARY KEY(NOTICE_CATE_CODE)
);
--==>> Table TBL_NOTICE_LEGì´(ê°€) ìƒì„±ë˜ì—ˆìŠµë‹ˆë‹¤.

DESC TBL_NOTICE_LEG;
--==>>
/*
ì´ë¦„                  ë„?       ìœ í˜•           
------------------- -------- ------------ 
NOTICE_CATE_CODE    NOT NULL VARCHAR2(2)  
NOTICE_CATE_CONTENT NOT NULL VARCHAR2(30) 
*/

INSERT INTO TBL_NOTICE_LEG(NOTICE_CATE_CODE, NOTICE_CATE_CONTENT)
VALUES ('1', 'ì•ˆë‚´');
INSERT INTO TBL_NOTICE_LEG(NOTICE_CATE_CODE, NOTICE_CATE_CONTENT)
VALUES ('2', 'í•„ë…');
INSERT INTO TBL_NOTICE_LEG(NOTICE_CATE_CODE, NOTICE_CATE_CONTENT)
VALUES ('3', 'ê³µì§€');
--==>> 1 í–‰ ì´(ê°€) ì‚½ìž…ë˜ì—ˆìŠµë‹ˆë‹¤. * 3

SELECT *
FROM TBL_NOTICE_LEG;
--==>>
/*
NOTICE_CATE_CODE	NOTICE_CATE_CONTENT
1	                ì•ˆë‚´
2	                í•„ë…
3	                ê³µì§€
*/


-- 03. TBL_BOARD_LEG : ê²Œì‹œê¸€ ì¹´í…Œê³ ë¦¬ ë²”ë¡€
CREATE TABLE TBL_BOARD_LEG
( BOARD_CATE_CODE       VARCHAR2(2)
, BOARD_CATE_CONTENT    VARCHAR2(30) NOT NULL
, CONSTRAINT BOARDLEG_CODE_PK PRIMARY KEY(BOARD_CATE_CODE)
);
--==>> Table TBL_BOARD_LEGì´(ê°€) ìƒì„±ë˜ì—ˆìŠµë‹ˆë‹¤.

DESC TBL_BOARD_LEG;
--==>>
/*
ì´ë¦„                 ë„?       ìœ í˜•           
------------------ -------- ------------ 
BOARD_CATE_CODE    NOT NULL VARCHAR2(2)  
BOARD_CATE_CONTENT NOT NULL VARCHAR2(30)
*/

INSERT INTO TBL_BOARD_LEG(BOARD_CATE_CODE, BOARD_CATE_CONTENT)
VALUES ('1', 'í–‰ì‚¬/í• ì¸ì •ë³´');
INSERT INTO TBL_BOARD_LEG(BOARD_CATE_CODE, BOARD_CATE_CONTENT)
VALUES ('2', 'ë¦¬ë·°');
INSERT INTO TBL_BOARD_LEG(BOARD_CATE_CODE, BOARD_CATE_CONTENT)
VALUES ('3', 'ìˆ˜ë‹¤');
INSERT INTO TBL_BOARD_LEG(BOARD_CATE_CODE, BOARD_CATE_CONTENT)
VALUES ('4', 'ì¤‘ê³ ìž¥í„°');
--==>> 1 í–‰ ì´(ê°€) ì‚½ìž…ë˜ì—ˆìŠµë‹ˆë‹¤. * 4

SELECT *
FROM TBL_BOARD_LEG;
--==>>
/*
BOARD_CATE_CODE	BOARD_CATE_CONTENT
1	            í–‰ì‚¬/í• ì¸ì •ë³´
2	            ë¦¬ë·°
3	            ìˆ˜ë‹¤
4	            ì¤‘ê³ ìž¥í„°
*/


-- 04. TBL_REPORT_STATE :  ì‹ ê³  ì²˜ë¦¬ìƒíƒœ ë²”ë¡€
CREATE TABLE TBL_REPORT_STATE
( REP_STATE_CODE    VARCHAR2(2)
, REP_STATE_CONTENT VARCHAR2(30) NOT NULL
, CONSTRAINT REPSTATE_CODE_PK PRIMARY KEY(REP_STATE_CODE)
);
--==>> Table TBL_REPORT_STATEì´(ê°€) ìƒì„±ë˜ì—ˆìŠµë‹ˆë‹¤.

DESC TBL_REPORT_STATE;
--==>>
/*
ì´ë¦„                ë„?       ìœ í˜•           
----------------- -------- ------------ 
REP_STATE_CODE    NOT NULL VARCHAR2(2)  
REP_STATE_CONTENT NOT NULL VARCHAR2(30)
*/

INSERT INTO TBL_REPORT_STATE(REP_STATE_CODE, REP_STATE_CONTENT)
VALUES ('1', 'ë¯¸ì²˜ë¦¬');
INSERT INTO TBL_REPORT_STATE(REP_STATE_CODE, REP_STATE_CONTENT)
VALUES ('2', 'ì‹ ê³ í•´ì œ');
INSERT INTO TBL_REPORT_STATE(REP_STATE_CODE, REP_STATE_CONTENT)
VALUES ('3', 'ì‹ ê³ í™•ì •');
--==>> 1 í–‰ ì´(ê°€) ì‚½ìž…ë˜ì—ˆìŠµë‹ˆë‹¤. * 3

SELECT *
FROM TBL_REPORT_STATE;
--==>>
/*
REP_STATE_CODE	REP_STATE_CONTENT
1	            ë¯¸ì²˜ë¦¬
2	            ì‹ ê³ í•´ì œ
3	            ì‹ ê³ í™•ì •
*/


-- 05. TBL_MEMBER : íšŒì›ì •ë³´
CREATE TABLE TBL_MEMBER
( MEM_CODE      VARCHAR2(30)
, MEM_ID        VARCHAR2(50)    NOT NULL
, MEM_PW        VARCHAR2(30)    NOT NULL
, MEM_NAME      VARCHAR2(30)    NOT NULL
, MEM_BIRTH     DATE            NOT NULL
, MEM_GENDER    VARCHAR2(1)     NOT NULL
, MEM_TEL       VARCHAR2(40)    NOT NULL
, MEM_ADDR      VARCHAR2(200)   NOT NULL
, MEM_REGDATE   DATE            DEFAULT SYSDATE
, MEM_NICKNAME  VARCHAR2(20)    NOT NULL
, CONSTRAINT MEMBER_CODE_PK PRIMARY KEY(MEM_CODE)
, CONSTRAINT MEMBER_ID_UK UNIQUE(MEM_ID)
, CONSTRAINT MEMBER_NICKNAME_UK UNIQUE(MEM_NICKNAME)
);
--==>> Table TBL_MEMBERì´(ê°€) ìƒì„±ë˜ì—ˆìŠµë‹ˆë‹¤.

DESC TBL_MEMBER;
--==>>
/*
ì´ë¦„           ë„?       ìœ í˜•            
------------ -------- ------------- 
MEM_CODE     NOT NULL VARCHAR2(30)  
MEM_ID       NOT NULL VARCHAR2(50)  
MEM_PW       NOT NULL VARCHAR2(30)  
MEM_NAME     NOT NULL VARCHAR2(30)  
MEM_BIRTH    NOT NULL DATE          
MEM_GENDER   NOT NULL VARCHAR2(1)   
MEM_TEL      NOT NULL VARCHAR2(40)  
MEM_ADDR     NOT NULL VARCHAR2(200) 
MEM_REGDATE           DATE          
MEM_NICKNAME NOT NULL VARCHAR2(20)
*/

-- ë°ì´í„° ìž…ë ¥
INSERT INTO TBL_MEMBER(MEM_CODE, MEM_ID, MEM_PW, MEM_NAME, MEM_BIRTH, MEM_GENDER, MEM_TEL, MEM_ADDR, MEM_REGDATE, MEM_NICKNAME)
VALUES ('MEM001', 'joohee', CRYPTPACK.ENCRYPT('1224', 'joohee'), 'ì •ì£¼í¬', TO_DATE('1997-12-24', 'YYYY-MM-DD'), 'F'
, '010-1111-1111', 'ê²½ê¸°ë„ ê´‘ëª…ì‹œ ì² ì‚°ë™', TO_DATE('2021-05-24', 'YYYY-MM-DD'), 'ì£¼ë¦¬ì§±');
INSERT INTO TBL_MEMBER(MEM_CODE, MEM_ID, MEM_PW, MEM_NAME, MEM_BIRTH, MEM_GENDER, MEM_TEL, MEM_ADDR, MEM_REGDATE, MEM_NICKNAME)
VALUES ('MEM002', 'hyeyeon', CRYPTPACK.ENCRYPT('1102', 'hyeyeon'), 'ì„ í˜œì—°', TO_DATE('1995-11-02', 'YYYY-MM-DD'), 'F'
, '010-2222-2222', 'ê²½ê¸°ë„ ê³ ì–‘ì‹œ ì¼ì‚°ì„œêµ¬ ì£¼ì—½ë¡œ98', TO_DATE('2021-06-20', 'YYYY-MM-DD'), 'ì‚¬ê³µí˜œì—°');
INSERT INTO TBL_MEMBER(MEM_CODE, MEM_ID, MEM_PW, MEM_NAME, MEM_BIRTH, MEM_GENDER, MEM_TEL, MEM_ADDR, MEM_REGDATE, MEM_NICKNAME)
VALUES ('MEM003', 'harim', CRYPTPACK.ENCRYPT('1022', 'harim'), 'ì´í•˜ë¦¼', TO_DATE('1997-10-22', 'YYYY-MM-DD'), 'F'
, '010-3333-3333', 'ì„œìš¸ ê¸ˆì²œêµ¬ ê°€ì‚°ë™', TO_DATE('2021-06-01', 'YYYY-MM-DD'), 'ëšœë˜ì§‘ì‚¬');
INSERT INTO TBL_MEMBER(MEM_CODE, MEM_ID, MEM_PW, MEM_NAME, MEM_BIRTH, MEM_GENDER, MEM_TEL, MEM_ADDR, MEM_REGDATE, MEM_NICKNAME)
VALUES ('MEM004', 'hojin', CRYPTPACK.ENCRYPT('0302', 'hojin'), 'ê¹€í˜¸ì§„', TO_DATE('1975-03-02', 'YYYY-MM-DD'), 'M'
, '010-4444-4444', 'ê²½ê¸°ë„ ê´‘ëª…ì‹œ ì² ì‚°ë™', TO_DATE('2021-05-24', 'YYYY-MM-DD'), 'ë‚˜ëŠ”ì•¼í˜¸ì§„ì´');
INSERT INTO TBL_MEMBER(MEM_CODE, MEM_ID, MEM_PW, MEM_NAME, MEM_BIRTH, MEM_GENDER, MEM_TEL, MEM_ADDR, MEM_REGDATE, MEM_NICKNAME)
VALUES ('MEM005', 'iu', CRYPTPACK.ENCRYPT('0516', 'iu'), 'ì´ì§€ì€', TO_DATE('1993-05-16', 'YYYY-MM-DD'), 'F'
, '010-5555-5555', 'ì„œìš¸ ë§ˆí¬êµ¬ ê³µë•ë™', TO_DATE('2021-05-31', 'YYYY-MM-DD'), 'ì´ìœ ì§±');
--==>> 1 í–‰ ì´(ê°€) ì‚½ìž…ë˜ì—ˆìŠµë‹ˆë‹¤. * 5

-- ë‹‰ë„¤ìž„ ì»¬ëŸ¼ íƒ€ìž… ë³€ê²½ VARCHAR2(20) -> VARCHAR2(50)
ALTER TABLE TBL_MEMBER MODIFY MEM_NICKNAME VARCHAR2(50);

-- ì¶”ê°€ ë°ì´í„° ìž…ë ¥
INSERT INTO TBL_MEMBER(MEM_CODE, MEM_ID, MEM_PW, MEM_NAME, MEM_BIRTH, MEM_GENDER, MEM_TEL, MEM_ADDR, MEM_REGDATE, MEM_NICKNAME)
VALUES ('MEM006', 'hyerim', CRYPTPACK.ENCRYPT('1006', 'hyerim'), 'í•œí˜œë¦¼', TO_DATE('1997-10-06', 'YYYY-MM-DD'), 'F'
, '010-6666-6666', 'ê²½ê¸°ë„ ìˆ˜ì›ì‹œ ì„¸ë¥˜ë™', TO_DATE('2021-06-19', 'YYYY-MM-DD'), 'í˜œë¦¼ëƒ¥ëƒ¥');
INSERT INTO TBL_MEMBER(MEM_CODE, MEM_ID, MEM_PW, MEM_NAME, MEM_BIRTH, MEM_GENDER, MEM_TEL, MEM_ADDR, MEM_REGDATE, MEM_NICKNAME)
VALUES ('MEM007', 'dongwon', CRYPTPACK.ENCRYPT('0118', 'dongwon'), 'ê°•ë™ì›', TO_DATE('1981-01-18', 'YYYY-MM-DD'), 'M'
, '010-7777-7777', 'ê²½ìƒë‚¨ë„ ê±°ì°½êµ° ê±°ì°½ì', TO_DATE('2021-06-20', 'YYYY-MM-DD'), 'ë§›ìžˆëŠ”ì°¸ì¹˜');
INSERT INTO TBL_MEMBER(MEM_CODE, MEM_ID, MEM_PW, MEM_NAME, MEM_BIRTH, MEM_GENDER, MEM_TEL, MEM_ADDR, MEM_REGDATE, MEM_NICKNAME)
VALUES ('MEM008', 'kangjun', CRYPTPACK.ENCRYPT('1012', 'kangjun'), 'ì„œê°•ì¤€', TO_DATE('1993-10-12', 'YYYY-MM-DD'), 'M'
, '010-8888-8888', 'ì„œìš¸ ê°•ë‚¨êµ¬ ìžê³¡ë™', TO_DATE('2021-06-22', 'YYYY-MM-DD'), 'ë°”ì‹¹ë§ë¦°ê°•ì¤€');
INSERT INTO TBL_MEMBER(MEM_CODE, MEM_ID, MEM_PW, MEM_NAME, MEM_BIRTH, MEM_GENDER, MEM_TEL, MEM_ADDR, MEM_REGDATE, MEM_NICKNAME)
VALUES ('MEM009', 'moonbin', CRYPTPACK.ENCRYPT('0126', 'moonbin'), 'ë¬¸ë¹ˆ', TO_DATE('1998-01-26', 'YYYY-MM-DD'), 'M'
, '010-9999-9999', 'ì¸ì²œ ì—°ìˆ˜êµ¬ ì†¡ë„ë™', TO_DATE('2021-06-23', 'YYYY-MM-DD'), 'ë‹ˆê°€ë‚´ë³„ì´ë‹¤');
INSERT INTO TBL_MEMBER(MEM_CODE, MEM_ID, MEM_PW, MEM_NAME, MEM_BIRTH, MEM_GENDER, MEM_TEL, MEM_ADDR, MEM_REGDATE, MEM_NICKNAME)
VALUES ('MEM010', 'eunwoo', CRYPTPACK.ENCRYPT('0330', 'eunwoo'), 'ì°¨ì€ìš°', TO_DATE('1997-03-30', 'YYYY-MM-DD'), 'M'
, '010-1997-0330', 'ê²½ê¸°ë„ êµ°í¬ì‹œ ìˆ˜ë¦¬ì‚°ë¡œ 37', TO_DATE('2021-06-26', 'YYYY-MM-DD'), 'ì—°ê¸°ì—°ìŠµí•˜ëŠ”ì€ìš°');

SELECT MEM_CODE, MEM_ID, MEM_PW, MEM_NAME, TO_CHAR(MEM_BIRTH, 'YYYY-MM-DD') "MEM_BIRTH"
     , MEM_GENDER, MEM_TEL, MEM_ADDR, TO_CHAR(MEM_REGDATE, 'YYYY-MM-DD') "MEM_REGDATE", MEM_NICKNAME
FROM TBL_MEMBER;
--==>>
/*
MEM_CODE	MEM_ID	MEM_PW	MEM_NAME	MEM_BIRTH	MEM_GENDER	MEM_TEL	        MEM_ADDR	                MEM_REGDATE	    MEM_NICKNAME
MEM001	    joohee	"nbï¿½ï¿½	ì •ì£¼í¬	    1997-12-24	F	        010-1111-1111	ê²½ê¸°ë„ ê´‘ëª…ì‹œ ì² ì‚°ë™	            2021-05-24	    ì£¼ë¦¬ì§±
MEM002	    hyeyeon	3F&ï¿½ï¿½3F	ì„ í˜œì—°	    1995-11-02	F	        010-2222-2222	ê²½ê¸°ë„ ê³ ì–‘ì‹œ ì¼ì‚°ì„œêµ¬ ì£¼ì—½ë¡œ98	    2021-06-20	    ì‚¬ê³µí˜œì—°
MEM003	    harim	-0ï¿½ï¿½_Ø‹ï¿½	ì´í•˜ë¦¼	    1997-10-22	F	        010-3333-3333	ì„œìš¸ ê¸ˆì²œêµ¬ ê°€ì‚°ë™	            2021-06-01	    ëšœë˜ì§‘ì‚¬
MEM004	    hojin	>Yï¿½ï¿½	ê¹€í˜¸ì§„	    1975-03-02	M	        010-4444-4444	ê²½ê¸°ë„ ê´‘ëª…ì‹œ ì² ì‚°ë™	            2021-05-24	    ë‚˜ëŠ”ì•¼í˜¸ì§„ì´
MEM005	    iu	    9Åï¿½ï¿½	ì´ì§€ì€	    1993-05-16	F	        010-5555-5555	ì„œìš¸ ë§ˆí¬êµ¬ ê³µë•ë™	            2021-05-31	    ì´ìœ ì§±
*/

-- 06. TBL_SID : íšŒì› (TBL_MEMBER ì°¸ì¡°í•´ì˜´)
CREATE TABLE TBL_SID
( SID_CODE  VARCHAR2(30)
, MEM_CODE  VARCHAR2(30) NOT NULL
, CONSTRAINT SID_CODE_PK PRIMARY KEY(SID_CODE)
, CONSTRAINT SID_MEMCODE_FK FOREIGN KEY(MEM_CODE)
             REFERENCES TBL_MEMBER(MEM_CODE)
             ON DELETE SET NULL
);
--==>> Table TBL_SIDì´(ê°€) ìƒì„±ë˜ì—ˆìŠµë‹ˆë‹¤.

-- MEM_CODE NOT NULL ì œì•½ì‚¬í•­ ì œê±°
--> TBL_MEMBER ì—ì„œ ì‚­ì œë˜ë©´ NULL ê°’ì´ ë˜ê¸° ë•Œë¬¸ì—
ALTER TABLE TBL_SID MODIFY MEM_CODE NULL;

DESC TBL_SID;
--==>>
/*
ì´ë¦„       ë„?       ìœ í˜•           
-------- -------- ------------ 
SID_CODE NOT NULL VARCHAR2(30) 
MEM_CODE NOT NULL VARCHAR2(30) 
*/

-- ë°ì´í„° ìž…ë ¥
INSERT INTO TBL_SID(SID_CODE, MEM_CODE)
VALUES ('SID001', 'MEM001');
INSERT INTO TBL_SID(SID_CODE, MEM_CODE)
VALUES ('SID002', 'MEM002');
INSERT INTO TBL_SID(SID_CODE, MEM_CODE)
VALUES ('SID003', 'MEM003');
INSERT INTO TBL_SID(SID_CODE, MEM_CODE)
VALUES ('SID004', 'MEM004');
INSERT INTO TBL_SID(SID_CODE, MEM_CODE)
VALUES ('SID005', 'MEM005');
--==>> 1 í–‰ ì´(ê°€) ì‚½ìž…ë˜ì—ˆìŠµë‹ˆë‹¤. * 5

-- ì¶”ê°€ ë°ì´í„° ìž…ë ¥
INSERT INTO TBL_SID(SID_CODE, MEM_CODE)
VALUES ('SID006', 'MEM006');
INSERT INTO TBL_SID(SID_CODE, MEM_CODE)
VALUES ('SID007', 'MEM007');
INSERT INTO TBL_SID(SID_CODE, MEM_CODE)
VALUES ('SID008', 'MEM008');
INSERT INTO TBL_SID(SID_CODE, MEM_CODE)
VALUES ('SID009', 'MEM009');
INSERT INTO TBL_SID(SID_CODE, MEM_CODE)
VALUES ('SID010', 'MEM010');
--==>> 1 í–‰ ì´(ê°€) ì‚½ìž…ë˜ì—ˆìŠµë‹ˆë‹¤. * 5

SELECT *
FROM TBL_SID;
--==>>
/*
SID_CODE	MEM_CODE
SID001	    MEM001
SID002	    MEM002
SID003	    MEM003
SID004	    MEM004
SID005	    MEM005
*/

COMMIT;

-- [íƒˆí‡´ ê´€ë ¨]
--> íƒˆí‡´ ì‹œ ì²˜ë¦¬ ìˆœì„œ
--> 1. TBL_OUT ì— SID_CODE, OUT_TYPE_CODE ì°¸ì¡°í•´ì™€ì„œ INSERT
--> 2. TBL_SELF_OUTÂ ë˜ëŠ” TBL_BAN ì— íšŒì›ì •ë³´í…Œì´ë¸”ì—ì„œ NAME, ID, TEL ê°€ì ¸ì™€ì„œ INSERT
--> 3. TBL_MEMBER ì—ì„œ í•´ë‹¹ íšŒì› DELETE 

-- 07. TBL_OUT_TYPE : íƒˆí‡´ ìœ í˜•
CREATE TABLE TBL_OUT_TYPE
( OUT_TYPE_CODE     VARCHAR2(2)
, OUT_TYPE_CONTENT  VARCHAR2(30) NOT NULL
, CONSTRAINT OUTTYPE_CODE_PK PRIMARY KEY(OUT_TYPE_CODE)
);
--==>> Table TBL_OUT_TYPEì´(ê°€) ìƒì„±ë˜ì—ˆìŠµë‹ˆë‹¤.

DESC TBL_OUT_TYPE;
--==>>
/*
ì´ë¦„               ë„?       ìœ í˜•           
---------------- -------- ------------ 
OUT_TYPE_CODE    NOT NULL VARCHAR2(2)  
OUT_TYPE_CONTENT NOT NULL VARCHAR2(30)  
*/

INSERT INTO TBL_OUT_TYPE(OUT_TYPE_CODE, OUT_TYPE_CONTENT)
VALUES ('1', 'ìžì§„íƒˆí‡´');
INSERT INTO TBL_OUT_TYPE(OUT_TYPE_CODE, OUT_TYPE_CONTENT)
VALUES ('2', 'ê°•ì œíƒˆí‡´');
--==>> 1 í–‰ ì´(ê°€) ì‚½ìž…ë˜ì—ˆìŠµë‹ˆë‹¤. * 2

SELECT *
FROM TBL_OUT_TYPE;
--==>>
/*
OUT_TYPE_CODE	OUT_TYPE_CONTENT
1	            ìžì§„íƒˆí‡´
2	            ê°•ì œíƒˆí‡´
*/

-- 08. TBL_OUT : íšŒì› íƒˆí‡´
CREATE TABLE TBL_OUT
( OUT_CODE      VARCHAR2(30)
, SID_CODE      VARCHAR2(30) NOT NULL
, OUT_TYPE_CODE VARCHAR2(30) NOT NULL
, OUT_DATE      DATE         DEFAULT SYSDATE
, CONSTRAINT OUT_CODE_PK PRIMARY KEY(OUT_CODE)
, CONSTRAINT OUT_SIDCODE_FK FOREIGN KEY(SID_CODE)
             REFERENCES TBL_SID(SID_CODE)
, CONSTRAINT OUT_TYPECODE_FK FOREIGN KEY(OUT_TYPE_CODE)
             REFERENCES TBL_OUT_TYPE(OUT_TYPE_CODE)
);
--==>> Table TBL_OUTì´(ê°€) ìƒì„±ë˜ì—ˆìŠµë‹ˆë‹¤.

DESC TBL_OUT;
--==>>
/*
ì´ë¦„            ë„?       ìœ í˜•           
------------- -------- ------------ 
OUT_CODE      NOT NULL VARCHAR2(30) 
SID_CODE      NOT NULL VARCHAR2(30) 
OUT_TYPE_CODE NOT NULL VARCHAR2(30) 
OUT_DATE               DATE     
*/


-- 09. TBL_SELF_OUT : ìžì§„íƒˆí‡´ ì²´í¬
CREATE TABLE TBL_SELF_OUT
( SELF_OUT_CODE    VARCHAR2(30)
, SELF_OUT_ID      VARCHAR2(50) NOT NULL
, CONSTRAINT SELFOUT_CODE_PK PRIMARY KEY(SELF_OUT_CODE)
, CONSTRAINT SELFOUT_ID_UK UNIQUE(SELF_OUT_ID)
);
--==>> Table TBL_SELF_OUTì´(ê°€) ìƒì„±ë˜ì—ˆìŠµë‹ˆë‹¤.

DESC TBL_SELF_OUT;
--==>>
/*
ì´ë¦„            ë„?       ìœ í˜•           
------------- -------- ------------ 
SELF_OUT_CODE NOT NULL VARCHAR2(30) 
SELF_OUT_ID   NOT NULL VARCHAR2(50)
*/


-- 10. TBL_BAN : ê°•ì œíƒˆí‡´ì²´í¬
CREATE TABLE TBL_BAN
( BAN_CODE  VARCHAR2(30)
, BAN_NAME  VARCHAR2(30) NOT NULL
, BAN_ID    VARCHAR2(50) NOT NULL
, BAN_TEL   VARCHAR2(40) NOT NULL
, CONSTRAINT BAN_CODE_PK PRIMARY KEY(BAN_CODE)
);
--==>> Table TBL_BANì´(ê°€) ìƒì„±ë˜ì—ˆìŠµë‹ˆë‹¤.

DESC TBL_BAN;
--==>>
/*
ì´ë¦„       ë„?       ìœ í˜•           
-------- -------- ------------ 
BAN_CODE NOT NULL VARCHAR2(30) 
BAN_NAME NOT NULL VARCHAR2(30) 
BAN_ID   NOT NULL VARCHAR2(50) 
BAN_TEL  NOT NULL VARCHAR2(40) 
*/

-- íƒˆí‡´í•œ íšŒì› ë°ì´í„° ì‚½ìž…
-- [ê°•ì œ íƒˆí‡´]
-- íƒˆí‡´ í…Œì´ë¸”ì— SID_CODE, OUT_TYPE_CODE ì°¸ì¡°í•´ì„œ ë°ì´í„° INSERT
INSERT INTO TBL_OUT(OUT_CODE, SID_CODE, OUT_TYPE_CODE)
VALUES ('OUT001', 'SID004', '2');
--==>> 1 í–‰ ì´(ê°€) ì‚½ìž…ë˜ì—ˆìŠµë‹ˆë‹¤.
SELECT *
FROM TBL_OUT;
--==>> OUT001	SID004	2	2021-06-28 00:06:42

-- ê°•ì œ íƒˆí‡´ í…Œì´ë¸”ì— ì´ë¦„, ì•„ì´ë””, ì „í™”ë²ˆí˜¸ INSERT
INSERT INTO TBL_BAN(BAN_CODE, BAN_NAME, BAN_ID, BAN_TEL)
VALUES ('BAN001', 'ê¹€í˜¸ì§„', 'hojin', '010-4444-4444');
--==>> 1 í–‰ ì´(ê°€) ì‚½ìž…ë˜ì—ˆìŠµë‹ˆë‹¤.
SELECT *
FROM TBL_BAN;
--==>> BAN001	ê¹€í˜¸ì§„	hojin	010-4444-4444

-- íšŒì› ì •ë³´ í…Œì´ë¸”ì—ì„œ í•´ë‹¹ íšŒì› DELETE
DELETE
FROM TBL_MEMBER
WHERE MEM_CODE = 'MEM004';
--==>> 1 í–‰ ì´(ê°€) ì‚­ì œë˜ì—ˆìŠµë‹ˆë‹¤.
SELECT *
FROM TBL_MEMBER;
--==>>
/*
MEM_CODE	MEM_ID	MEM_PW	MEM_NAME	MEM_BIRTH	MEM_GENDER	MEM_TEL	        MEM_ADDR	            MEM_REGDATE	MEM_NICKNAME
MEM001	    joohee	"nbï¿½ï¿½	ì •ì£¼í¬	    1997-12-24	F	        010-1111-1111	ê²½ê¸°ë„ ê´‘ëª…ì‹œ ì² ì‚°ë™	        2021-05-24 	ì£¼ë¦¬ì§±
MEM002	    hyeyeon	3F&ï¿½ï¿½3F	ì„ í˜œì—°	    1995-11-02	F	        010-2222-2222	ê²½ê¸°ë„ ê³ ì–‘ì‹œ ì¼ì‚°ì„œêµ¬ ì£¼ì—½ë¡œ98	2021-06-20  ì‚¬ê³µí˜œì—°
MEM003	    harim	-0ï¿½ï¿½_Ø‹ï¿½	ì´í•˜ë¦¼	    1997-10-22 	F	        010-3333-3333	ì„œìš¸ ê¸ˆì²œêµ¬ ê°€ì‚°ë™	        2021-06-01  ëšœë˜ì§‘ì‚¬
MEM005	    iu	    9Åï¿½ï¿½	ì´ì§€ì€	    1993-05-16	F	        010-5555-5555	ì„œìš¸ ë§ˆí¬êµ¬ ê³µë•ë™	        2021-05-31  ì´ìœ ì§±
*/
SELECT *
FROM TBL_SID;
--==>>
/*
SID001	MEM001
SID002	MEM002
SID003	MEM003
SID004	(null)
SID005	MEM005
*/

-- [ìžì§„ íƒˆí‡´]
-- íƒˆí‡´ í…Œì´ë¸” SID_CODE, OUT_TYPE_CODE ì°¸ì¡°í•´ì„œ ë°ì´í„° INSERT
INSERT INTO TBL_OUT(OUT_CODE, SID_CODE, OUT_TYPE_CODE)
VALUES ('OUT002', 'SID005', '1');
--==>> 1 í–‰ ì´(ê°€) ì‚½ìž…ë˜ì—ˆìŠµë‹ˆë‹¤.
SELECT *
FROM TBL_OUT;
--==>>
/*
OUT001	SID004	2	2021-06-28 00:06:42
OUT002	SID005	1	2021-06-28 00:54:24
*/

-- ìžì§„ íƒˆí‡´ í…Œì´ë¸”ì— ì´ë¦„, ì•„ì´ë””, ì „í™”ë²ˆí˜¸ INSERT
INSERT INTO TBL_SELF_OUT(SELF_OUT_CODE, SELF_OUT_ID)
VALUES ('SEL001', 'iu');
--==>> 1 í–‰ ì´(ê°€) ì‚½ìž…ë˜ì—ˆìŠµë‹ˆë‹¤.

-- íšŒì› ì •ë³´ í…Œì´ë¸”ì—ì„œ í•´ë‹¹ íšŒì› DELETE
DELETE
FROM TBL_MEMBER
WHERE MEM_CODE='MEM005';
--==>> 1 í–‰ ì´(ê°€) ì‚½ìž…ë˜ì—ˆìŠµë‹ˆë‹¤.


-- 11. TBL_FAQ : ìžì£¼í•˜ëŠ” ì§ˆë¬¸
CREATE TABLE TBL_FAQ
( FAQ_CODE      VARCHAR2(30)
, FAQ_TITLE     VARCHAR2(100) NOT NULL
, FAQ_CONTENT   VARCHAR2(4000) NOT NULL
, CONSTRAINT FAQ_CODE_PK PRIMARY KEY(FAQ_CODE)
);
--==>> Table TBL_FAQì´(ê°€) ìƒì„±ë˜ì—ˆìŠµë‹ˆë‹¤.

DESC TBL_FAQ;
--==>>
/*
ì´ë¦„          ë„?       ìœ í˜•             
----------- -------- -------------- 
FAQ_CODE    NOT NULL VARCHAR2(30)   
FAQ_TITLE   NOT NULL VARCHAR2(100)  
FAQ_CONTENT NOT NULL VARCHAR2(4000) 
*/


-- 12. TBL_ASK_LEG : ë¬¸ì˜ ì¹´í…Œê³ ë¦¬
CREATE TABLE TBL_ASK_LEG
( ASK_CATE_CODE     VARCHAR2(30)
, ASK_CATE_CONTENT  VARCHAR2(30) NOT NULL
, CONSTRAINT ASKLEG_CODE_PK PRIMARY KEY(ASK_CATE_CODE)
);
--==>> Table TBL_ASK_LEGì´(ê°€) ìƒì„±ë˜ì—ˆìŠµë‹ˆë‹¤.

DESC TBL_ASK_LEG;
--==>>
/*
ì´ë¦„               ë„?       ìœ í˜•           
---------------- -------- ------------ 
ASK_CATE_CODE    NOT NULL VARCHAR2(30) 
ASK_CATE_CONTENT NOT NULL VARCHAR2(30) 
*/

INSERT INTO TBL_ASK_LEG(ASK_CATE_CODE, ASK_CATE_CONTENT)
VALUES ('1', 'ì‚°ì±…ë©”ì´íŠ¸');
INSERT INTO TBL_ASK_LEG(ASK_CATE_CODE, ASK_CATE_CONTENT)
VALUES ('2', 'ë‹¤ì´ì–´ë¦¬');
INSERT INTO TBL_ASK_LEG(ASK_CATE_CODE, ASK_CATE_CONTENT)
VALUES ('3', 'ê²Œì‹œíŒ');
INSERT INTO TBL_ASK_LEG(ASK_CATE_CODE, ASK_CATE_CONTENT)
VALUES ('4', 'ê³„ì •');
INSERT INTO TBL_ASK_LEG(ASK_CATE_CODE, ASK_CATE_CONTENT)
VALUES ('5', 'ê¸°íƒ€');
--==>> 1 í–‰ ì´(ê°€) ì‚½ìž…ë˜ì—ˆìŠµë‹ˆë‹¤. * 5

-- 13. TBL_ASK_STATE : ë¬¸ì˜ì²˜ë¦¬ìƒíƒœ
CREATE TABLE TBL_ASK_STATE
( ASK_STATE_CODE    VARCHAR2(2)
, ASK_STATE_CONTENT VARCHAR2(30) NOT NULL
, CONSTRAINT ASKSTATE_CODE_PK PRIMARY KEY(ASK_STATE_CODE)
);
--==>> Table TBL_ASK_STATEì´(ê°€) ìƒì„±ë˜ì—ˆìŠµë‹ˆë‹¤.

ALTER TABLE TBL_ASK_STATE MODIFY ASK_STATE_CONTENT VARCHAR2(30);

INSERT INTO TBL_ASK_STATE(ASK_STATE_CODE, ASK_STATE_CONTENT)
VALUES ('1', 'ë¯¸ì²˜ë¦¬');
INSERT INTO TBL_ASK_STATE(ASK_STATE_CODE, ASK_STATE_CONTENT)
VALUES ('2', 'ë‹µë³€ì™„ë£Œ');
--==>> 1 í–‰ ì´(ê°€) ì‚½ìž…ë˜ì—ˆìŠµë‹ˆë‹¤. * 2

SELECT *
FROM TBL_ASK_STATE;
--==>> 
/*
1	ë¯¸ì²˜ë¦¬
2	ë‹µë³€ì™„ë£Œ
*/

COMMIT;
--==>> ì»¤ë°‹ ì™„ë£Œ.


-- 14. TBL_REWARD : ìƒë²Œì 
CREATE TABLE TBL_REWARD
( REWARD_CODE    VARCHAR2(2)
, REWARD_SCORE   NUMBER(3) NOT NULL
, REWARD_CONTENT VARCHAR2(100) NOT NULL
, CONSTRAINT REWARD_CODE_PK PRIMARY KEY(REWARD_CODE)
);
--==>> Table TBL_REWARDì´(ê°€) ìƒì„±ë˜ì—ˆìŠµë‹ˆë‹¤.

DESC TBL_REWARD;
--==>>
/*
ì´ë¦„             ë„?       ìœ í˜•            
-------------- -------- ------------- 
REWARD_CODE    NOT NULL VARCHAR2(2)   
REWARD_SCORE   NOT NULL NUMBER(3)     
REWARD_CONTENT NOT NULL VARCHAR2(100) 
*/

INSERT INTO TBL_REWARD(REWARD_CODE, REWARD_SCORE, REWARD_CONTENT)
VALUES ('1', -7, 'ë°©ìž¥ì´ 30ë¶„ ì „ê¹Œì§€ ë§¤ì¹­ì™„ë£Œ í•˜ì§€ ì•Šì€ ê²½ìš°');
INSERT INTO TBL_REWARD(REWARD_CODE, REWARD_SCORE, REWARD_CONTENT)
VALUES ('2', -7, 'ë°©ìž¥ì´ ìµœì¢… ë§¤ì¹­ ì „ ë°©ì„ ë‚˜ê°„ ê²½ìš°');
INSERT INTO TBL_REWARD(REWARD_CODE, REWARD_SCORE, REWARD_CONTENT)
VALUES ('3', -10, 'ë°©ìž¥ì´ ìµœì¢… ë§¤ì¹­ ì™„ë£Œ í›„ ë°©ì„ ë‚˜ê°„ ê²½ìš°');
INSERT INTO TBL_REWARD(REWARD_CODE, REWARD_SCORE, REWARD_CONTENT)
VALUES ('4', -5, 'ì°¸ì—¬ìžê°€ ë§¤ì¹­ ì™„ë£Œ í›„ ë°©ì„ ë‚˜ê°„ ê²½ìš°');
--==>> 1 í–‰ ì´(ê°€) ì‚½ìž…ë˜ì—ˆìŠµë‹ˆë‹¤. * 4

SELECT *
FROM TBL_REWARD;

-- 15. TBL_REPORT_TYPE : ì‹ ê³ ìœ í˜• 
CREATE TABLE TBL_REPORT_TYPE
( REP_TYPE_CODE     VARCHAR2(30)
, REP_TYPE_CONTENT  VARCHAR2(100) NOT NULL
, CONSTRAINT REPORTTYPE_CODE_PK PRIMARY KEY(REP_TYPE_CODE)
);
--==>> Table TBL_REPORT_TYPEì´(ê°€) ìƒì„±ë˜ì—ˆìŠµë‹ˆë‹¤.

DESC TBL_REPORT_TYPE;
--==>>
/*
ì´ë¦„               ë„?       ìœ í˜•            
---------------- -------- ------------- 
REP_TYPE_CODE    NOT NULL VARCHAR2(30)  
REP_TYPE_CONTENT NOT NULL VARCHAR2(100)
*/

INSERT INTO TBL_REPORT_TYPE(REP_TYPE_CODE, REP_TYPE_CONTENT)
VALUES ('1', 'ê²Œì‹œê¸€');
INSERT INTO TBL_REPORT_TYPE(REP_TYPE_CODE, REP_TYPE_CONTENT)
VALUES ('2', 'ëŒ“ê¸€');
INSERT INTO TBL_REPORT_TYPE(REP_TYPE_CODE, REP_TYPE_CONTENT)
VALUES ('3', 'ì‚°ì±…ë°©');
INSERT INTO TBL_REPORT_TYPE(REP_TYPE_CODE, REP_TYPE_CONTENT)
VALUES ('4', 'ì˜¤í”„ë¼ì¸');
--==>> 1 í–‰ ì´(ê°€) ì‚½ìž…ë˜ì—ˆìŠµë‹ˆë‹¤. * 4

SELECT *
FROM TBL_REPORT_TYPE;
--==>>
/*
1	ê²Œì‹œê¸€
2	ëŒ“ê¸€
3	ì‚°ì±…ë°©
4	ì˜¤í”„ë¼ì¸
*/


-- 16. TBL_AUTO_LEG : ìžë™í™•ì •ì˜µì…˜ ë²”ë¡€
CREATE TABLE TBL_AUTO_LEG
( AUTO_CODE    VARCHAR2(2)
, AUTO_CONTENT VARCHAR2(30) NOT NULL
, CONSTRAINT AUTOLEG_CODE_PK PRIMARY KEY(AUTO_CODE)
);
--==>> Table TBL_AUTO_LEGì´(ê°€) ìƒì„±ë˜ì—ˆìŠµë‹ˆë‹¤.

DESC TBL_AUTO_LEG;
--==>>
/*
ì´ë¦„           ë„?       ìœ í˜•           
------------ -------- ------------ 
AUTO_CODE    NOT NULL VARCHAR2(2)  
AUTO_CONTENT NOT NULL VARCHAR2(30) 
*/

INSERT INTO TBL_AUTO_LEG(AUTO_CODE, AUTO_CONTENT)
VALUES ('0', 'ìžë™í™•ì • ì‚¬ìš©ì•ˆí•¨');
INSERT INTO TBL_AUTO_LEG(AUTO_CODE, AUTO_CONTENT)
VALUES ('1', 'ìžë™í™•ì • ì‚¬ìš©í•¨');

SELECT *
FROM TBL_AUTO_LEG;
--==>>
/*
0	ìžë™í™•ì • ì‚¬ìš©ì•ˆí•¨
1	ìžë™í™•ì • ì‚¬ìš©í•¨
*/


-- 17. TBL_STYLE_LEG : ì‚°ì±… ìŠ¤íƒ€ì¼ ë²”ë¡€
CREATE TABLE TBL_STYLE_LEG
( STYLE_CODE    VARCHAR2(2)
, STYLE_CONTENT VARCHAR2(100) NOT NULL
, CONSTRAINT STYLELEG_CODE_PK PRIMARY KEY(STYLE_CODE)
);
--==>> Table TBL_STYLE_LEGì´(ê°€) ìƒì„±ë˜ì—ˆìŠµë‹ˆë‹¤.

DESC TBL_STYLE_LEG;
--==>>
/*
ì´ë¦„            ë„?       ìœ í˜•            
------------- -------- ------------- 
STYLE_CODE    NOT NULL VARCHAR2(2)   
STYLE_CONTENT NOT NULL VARCHAR2(100) 
*/

INSERT INTO TBL_STYLE_LEG(STYLE_CODE, STYLE_CONTENT)
VALUES ('1', 'ê°€ê¹Œìš´ ì£¼ë³€ì„ êµ¬ì„êµ¬ì„ ì‚°ì±…í•´ìš”');
INSERT INTO TBL_STYLE_LEG(STYLE_CODE, STYLE_CONTENT)
VALUES ('2', 'í™œê¸°ì°¨ê²Œ ë›°ì–´ë‹¤ë…€ìš”');
INSERT INTO TBL_STYLE_LEG(STYLE_CODE, STYLE_CONTENT)
VALUES ('3', 'ëŠê¸‹í•˜ê²Œ ì‰¬ì–´ê°€ë©° ì‚°ì±…í•´ìš”');
--==>> 1 í–‰ ì´(ê°€) ì‚½ìž…ë˜ì—ˆìŠµë‹ˆë‹¤.

SELECT *
FROM TBL_STYLE_LEG;
--==>>
/*
1	ê°€ê¹Œìš´ ì£¼ë³€ì„ êµ¬ì„êµ¬ì„ ì‚°ì±…í•´ìš”
2	í™œê¸°ì°¨ê²Œ ë›°ì–´ë‹¤ë…€ìš”
3	ëŠê¸‹í•˜ê²Œ ì‰¬ì–´ê°€ë©° ì‚°ì±…í•´ìš”
*/


-- 18. TBL_BITE_LEG : ìž…ì§ˆ ì—¬ë¶€ ë²”ë¡€
CREATE TABLE TBL_BITE_LEG
( BITE_CODE    VARCHAR2(2)
, BITE_CONTENT VARCHAR2(30) NOT NULL
, CONSTRAINT BITELEG_CODE_PK PRIMARY KEY(BITE_CODE)
);
--==>> Table TBL_BITE_LEGì´(ê°€) ìƒì„±ë˜ì—ˆìŠµë‹ˆë‹¤.

DESC TBL_BITE_LEG;
--==>>
/*
ì´ë¦„           ë„?       ìœ í˜•           
------------ -------- ------------ 
BITE_CODE    NOT NULL VARCHAR2(2)  
BITE_CONTENT NOT NULL VARCHAR2(30) 
*/

INSERT INTO TBL_BITE_LEG(BITE_CODE, BITE_CONTENT)
VALUES ('0', 'ìž…ì§ˆ ì—†ìŒ');
INSERT INTO TBL_BITE_LEG(BITE_CODE, BITE_CONTENT)
VALUES ('1', 'ìž…ì§ˆ ìžˆìŒ');
--==>> 1 í–‰ ì´(ê°€) ì‚½ìž…ë˜ì—ˆìŠµë‹ˆë‹¤. * 2

SELECT *
FROM TBL_BITE_LEG;
--==>>
/*
0	ìž…ì§ˆ ì—†ìŒ
1	ìž…ì§ˆ ìžˆìŒ
*/


-- 19. TBL_DESEX_LEG : ì¤‘ì„±í™”ì—¬ë¶€ ë²”ë¡€
CREATE TABLE TBL_DESEX_LEG
( DESEX_CODE    VARCHAR2(2)
, DESEX_CONTENT VARCHAR2(30) NOT NULL
, CONSTRAINT DESEXLEG_CODE_PK PRIMARY KEY(DESEX_CODE)
);
--==>> Table TBL_DESEX_LEGì´(ê°€) ìƒì„±ë˜ì—ˆìŠµë‹ˆë‹¤.

DESC TBL_DESEX_LEG;
--==>>
/*
ì´ë¦„            ë„?       ìœ í˜•           
------------- -------- ------------ 
DESEX_CODE    NOT NULL VARCHAR2(2)  
DESEX_CONTENT NOT NULL VARCHAR2(30)
*/

INSERT INTO TBL_DESEX_LEG(DESEX_CODE, DESEX_CONTENT)
VALUES ('0', 'ì¤‘ì„±í™” ë¯¸ì™„ë£Œ');
INSERT INTO TBL_DESEX_LEG(DESEX_CODE, DESEX_CONTENT)
VALUES ('1', 'ì¤‘ì„±í™” ì™„ë£Œ');
--==>> 1 í–‰ ì´(ê°€) ì‚½ìž…ë˜ì—ˆìŠµë‹ˆë‹¤. * 2

SELECT *
FROM TBL_DESEX_LEG;
--==>>
/*
0	ì¤‘ì„±í™” ë¯¸ì™„ë£Œ
1	ì¤‘ì„±í™” ì™„ë£Œ
*/

-- 20. TBL_SAMESEX_LEG : ë™ì¼ì„±ë³„ì—¬ë¶€ ë²”ë¡€
CREATE TABLE TBL_SAMESEX_LEG
( SAMESEX_CODE    VARCHAR2(2)
, SAMESEX_CONTENT VARCHAR2(30) NOT NULL
, CONSTRAINT SAMESEXLEG_CODE_PK PRIMARY KEY(SAMESEX_CODE)
);
--==>> Table TBL_SAMESEX_LEGì´(ê°€) ìƒì„±ë˜ì—ˆìŠµë‹ˆë‹¤.

DESC TBL_SAMESEX_LEG;
--==>>
/*
ì´ë¦„              ë„?       ìœ í˜•           
--------------- -------- ------------ 
SAMESEX_CODE    NOT NULL VARCHAR2(2)  
SAMESEX_CONTENT NOT NULL VARCHAR2(30) 
*/

INSERT INTO TBL_SAMESEX_LEG(SAMESEX_CODE, SAMESEX_CONTENT)
VALUES ('0', 'ìƒê´€ì—†ìŒ');
INSERT INTO TBL_SAMESEX_LEG(SAMESEX_CODE, SAMESEX_CONTENT)
VALUES ('1', 'ë™ì¼ì„±ë³„ë§Œ');
--==>> 1 í–‰ ì´(ê°€) ì‚½ìž…ë˜ì—ˆìŠµë‹ˆë‹¤. * 2

SELECT *
FROM TBL_SAMESEX_LEG;
--==>>
/*
0	ìƒê´€ì—†ìŒ
1	ë™ì¼ì„±ë³„ë§Œ
*/


-- 21. TBL_EVAL_ITEM : ì‚°ì±…í‰ê°€í•­ëª©
CREATE TABLE TBL_EVAL_ITEM
( EV_ITEM_CODE      VARCHAR2(2)
, EV_ITEM_CONTENT   VARCHAR2(300) NOT NULL
, CONSTRAINT EVALITEM_CODE_PK PRIMARY KEY(EV_ITEM_CODE)
);
--==>> Table TBL_EVAL_ITEMì´(ê°€) ìƒì„±ë˜ì—ˆìŠµë‹ˆë‹¤.

DESC TBL_EVAL_ITEM;
--==>>
/*
ì´ë¦„              ë„?       ìœ í˜•            
--------------- -------- ------------- 
EV_ITEM_CODE    NOT NULL VARCHAR2(2)   
EV_ITEM_CONTENT NOT NULL VARCHAR2(300) 
*/

INSERT INTO TBL_EVAL_ITEM(EV_ITEM_CODE, EV_ITEM_CONTENT)
VALUES ('1', 'ì¹œì ˆí•˜ê³  ë§¤ë„ˆê°€ ì¢‹ì•˜ë‚˜ìš”?');
INSERT INTO TBL_EVAL_ITEM(EV_ITEM_CODE, EV_ITEM_CONTENT)
VALUES ('2', 'ì‹œê°„ ì•½ì†ì€ ìž˜ ì§€ì¼°ë‚˜ìš”?');
INSERT INTO TBL_EVAL_ITEM(EV_ITEM_CODE, EV_ITEM_CONTENT)
VALUES ('3', 'ë°˜ë ¤ê²¬ ì¼€ì–´ëŠ” ìž˜ í–ˆë‚˜ìš”?');
INSERT INTO TBL_EVAL_ITEM(EV_ITEM_CODE, EV_ITEM_CONTENT)
VALUES ('4', 'ì‘ë‹µì´ ë¹¨ëžë‚˜ìš”?');
--==>> 1 í–‰ ì´(ê°€) ì‚½ìž…ë˜ì—ˆìŠµë‹ˆë‹¤. * 4

SELECT *
FROM TBL_EVAL_ITEM;
--==>>
/*
1	ì¹œì ˆí•˜ê³  ë§¤ë„ˆê°€ ì¢‹ì•˜ë‚˜ìš”?
2	ì‹œê°„ ì•½ì†ì€ ìž˜ ì§€ì¼°ë‚˜ìš”?
3	ë°˜ë ¤ê²¬ ì¼€ì–´ëŠ” ìž˜ í–ˆë‚˜ìš”?
4	ì‘ë‹µì´ ë¹¨ëžë‚˜ìš”?
*/

-- 22. TBL_READYOPTION_LEG : ë ˆë””ì˜µì…˜ ë²”ë¡€
CREATE TABLE TBL_READYOPTION_LEG
( READYOPTION_CODE      VARCHAR2(2)
, READYOPTION_CONTENT   VARCHAR2(30) NOT NULL
, CONSTRAINT READYOPTIONLEG_CODE_PK PRIMARY KEY(READYOPTION_CODE)
);
--==>> Table TBL_READYOPTION_LEGì´(ê°€) ìƒì„±ë˜ì—ˆìŠµë‹ˆë‹¤.

DESC TBL_READYOPTION_LEG;
--==>>
/*
ì´ë¦„                  ë„?       ìœ í˜•           
------------------- -------- ------------ 
READYOPTION_CODE    NOT NULL VARCHAR2(2)  
READYOPTION_CONTENT NOT NULL VARCHAR2(30) 
*/

INSERT INTO TBL_READYOPTION_LEG(READYOPTION_CODE, READYOPTION_CONTENT)
VALUES('0', 'ë ˆë””ê³ ì • ì‚¬ìš©ì•ˆí•¨');
INSERT INTO TBL_READYOPTION_LEG(READYOPTION_CODE, READYOPTION_CONTENT)
VALUES('1', 'ë ˆë””ê³ ì • ì‚¬ìš©í•¨');
--==>> 1 í–‰ ì´(ê°€) ì‚½ìž…ë˜ì—ˆìŠµë‹ˆë‹¤. * 2

SELECT *
FROM TBL_READYOPTION_LEG;
--==>> 
/*
0	ë ˆë””ê³ ì • ì‚¬ìš©ì•ˆí•¨
1	ë ˆë””ê³ ì • ì‚¬ìš©í•¨
*/ 


-- 23.
CREATE TABLE TBL_READYSTATE_LEG
( READYSTATE_CODE       VARCHAR2(2)
, READYSTATE_CONTENT    VARCHAR2(30) NOT NULL
, CONSTRAINT READYSTATELEG_CODE_PK PRIMARY KEY(READYSTATE_CODE)
);
--==>> Table TBL_READYSTATE_LEGì´(ê°€) ìƒì„±ë˜ì—ˆìŠµë‹ˆë‹¤.

DESC TBL_READYSTATE_LEG;
--==>>
/*
ì´ë¦„                 ë„?       ìœ í˜•           
------------------ -------- ------------ 
READYSTATE_CODE    NOT NULL VARCHAR2(2)  
READYSTATE_CONTENT NOT NULL VARCHAR2(30) 
*/

INSERT INTO TBL_READYSTATE_LEG(READYSTATE_CODE, READYSTATE_CONTENT)
VALUES('0', 'ë ˆë”” ì•ˆí•¨');
INSERT INTO TBL_READYSTATE_LEG(READYSTATE_CODE, READYSTATE_CONTENT)
VALUES('1', 'ë ˆë”” í•¨');
--==>> 1 í–‰ ì´(ê°€) ì‚½ìž…ë˜ì—ˆìŠµë‹ˆë‹¤.

SELECT *
FROM TBL_READYSTATE_LEG;
--==>>
/*
0	ë ˆë”” ì•ˆí•¨
1	ë ˆë”” í•¨
*/


-- 24. TBL_PET_TYPE : í’ˆì¢…
CREATE TABLE TBL_PET_TYPE
( PET_TYPE_CODE VARCHAR2(30)
, PET_TYPE_NAME VARCHAR2(50) NOT NULL
, PET_TYPE_SIZE VARCHAR2(10) NOT NULL
, CONSTRAINT PETTYPE_CODE_PK PRIMARY KEY(PET_TYPE_CODE)
, CONSTRAINT PETTYPE_NAME_UK UNIQUE(PET_TYPE_NAME)
);
--==>> Table TBL_PET_TYPEì´(ê°€) ìƒì„±ë˜ì—ˆìŠµë‹ˆë‹¤.

DESC TBL_PET_TYPE;
--==>>
/*
ì´ë¦„            ë„?       ìœ í˜•           
------------- -------- ------------ 
PET_TYPE_CODE NOT NULL VARCHAR2(30) 
PET_TYPE_NAME NOT NULL VARCHAR2(50) 
PET_TYPE_SIZE NOT NULL VARCHAR2(10) 
*/

INSERT INTO TBL_PET_TYPE(PET_TYPE_CODE, PET_TYPE_NAME, PET_TYPE_SIZE)
VALUES('PETTY001', 'í¬ë©”ë¼ë‹ˆì•ˆ', 'ì†Œí˜•ê²¬');
INSERT INTO TBL_PET_TYPE(PET_TYPE_CODE, PET_TYPE_NAME, PET_TYPE_SIZE)
VALUES('PETTY002', 'ë§í‹°ì¦ˆ', 'ì†Œí˜•ê²¬');
INSERT INTO TBL_PET_TYPE(PET_TYPE_CODE, PET_TYPE_NAME, PET_TYPE_SIZE)
VALUES('PETTY003', 'í† ì´í‘¸ë“¤', 'ì†Œí˜•ê²¬');
INSERT INTO TBL_PET_TYPE(PET_TYPE_CODE, PET_TYPE_NAME, PET_TYPE_SIZE)
VALUES('PETTY004', 'ì‹œì¸„', 'ì†Œí˜•ê²¬');
INSERT INTO TBL_PET_TYPE(PET_TYPE_CODE, PET_TYPE_NAME, PET_TYPE_SIZE)
VALUES('PETTY005', 'ë¯¸ë‹ˆí•€', 'ì†Œí˜•ê²¬');
INSERT INTO TBL_PET_TYPE(PET_TYPE_CODE, PET_TYPE_NAME, PET_TYPE_SIZE)
VALUES('PETTY006', 'íŒŒí”¼ìš©', 'ì†Œí˜•ê²¬');
INSERT INTO TBL_PET_TYPE(PET_TYPE_CODE, PET_TYPE_NAME, PET_TYPE_SIZE)
VALUES('PETTY007', 'íŽ˜í‚¤ë‹ˆì¦ˆ', 'ì†Œí˜•ê²¬');
INSERT INTO TBL_PET_TYPE(PET_TYPE_CODE, PET_TYPE_NAME, PET_TYPE_SIZE)
VALUES('PETTY008', 'ìš”í¬ì…”í…Œë¦¬ì–´', 'ì†Œí˜•ê²¬');
INSERT INTO TBL_PET_TYPE(PET_TYPE_CODE, PET_TYPE_NAME, PET_TYPE_SIZE)
VALUES('PETTY009', 'ì¹˜ì™€ì™€', 'ì†Œí˜•ê²¬');
INSERT INTO TBL_PET_TYPE(PET_TYPE_CODE, PET_TYPE_NAME, PET_TYPE_SIZE)
VALUES('PETTY010', 'ë¯¸ë‹ˆì–´ì³ ìŠˆë‚˜ìš°ì €', 'ì†Œí˜•ê²¬');
INSERT INTO TBL_PET_TYPE(PET_TYPE_CODE, PET_TYPE_NAME, PET_TYPE_SIZE)
VALUES('PETTY011', 'ë¹„ìˆ‘ í”„ë¦¬ì œ', 'ì†Œí˜•ê²¬');
INSERT INTO TBL_PET_TYPE(PET_TYPE_CODE, PET_TYPE_NAME, PET_TYPE_SIZE)
VALUES('PETTY012', 'í¼ê·¸', 'ì†Œí˜•ê²¬');
INSERT INTO TBL_PET_TYPE(PET_TYPE_CODE, PET_TYPE_NAME, PET_TYPE_SIZE)
VALUES('PETTY013', 'í”„ë Œì¹˜ë¶ˆë…', 'ì†Œí˜•ê²¬');
INSERT INTO TBL_PET_TYPE(PET_TYPE_CODE, PET_TYPE_NAME, PET_TYPE_SIZE)
VALUES('PETTY014', 'ì €ë¨¼ ìŠ¤í”¼ì¸ ', 'ì†Œí˜•ê²¬');
INSERT INTO TBL_PET_TYPE(PET_TYPE_CODE, PET_TYPE_NAME, PET_TYPE_SIZE)
VALUES('PETTY015', 'í¼í”¼ì¸ ', 'ì†Œí˜•ê²¬');
INSERT INTO TBL_PET_TYPE(PET_TYPE_CODE, PET_TYPE_NAME, PET_TYPE_SIZE)
VALUES('PETTY016', 'ë§í‹°í‘¸', 'ì†Œí˜•ê²¬');
INSERT INTO TBL_PET_TYPE(PET_TYPE_CODE, PET_TYPE_NAME, PET_TYPE_SIZE)
VALUES('PETTY017', 'ë‹¥ìŠ¤í›ˆíŠ¸', 'ì¤‘í˜•ê²¬');
INSERT INTO TBL_PET_TYPE(PET_TYPE_CODE, PET_TYPE_NAME, PET_TYPE_SIZE)
VALUES('PETTY018', 'ë³´ë”ì½œë¦¬', 'ì¤‘í˜•ê²¬');
INSERT INTO TBL_PET_TYPE(PET_TYPE_CODE, PET_TYPE_NAME, PET_TYPE_SIZE)
VALUES('PETTY019', 'ì‹œë² ë¦¬ì•ˆ í—ˆìŠ¤í‚¤', 'ì¤‘í˜•ê²¬');
INSERT INTO TBL_PET_TYPE(PET_TYPE_CODE, PET_TYPE_NAME, PET_TYPE_SIZE)
VALUES('PETTY020', 'ì½œë¦¬', 'ì¤‘í˜•ê²¬');
INSERT INTO TBL_PET_TYPE(PET_TYPE_CODE, PET_TYPE_NAME, PET_TYPE_SIZE)
VALUES('PETTY021', 'ëž˜ë¸Œë¼ë„ ë¦¬íŠ¸ë¦¬ë²„', 'ì¤‘í˜•ê²¬');
INSERT INTO TBL_PET_TYPE(PET_TYPE_CODE, PET_TYPE_NAME, PET_TYPE_SIZE)
VALUES('PETTY022', 'ìŠ¤íƒ ë‹¤ë“œ í‘¸ë“¤', 'ì¤‘í˜•ê²¬');
INSERT INTO TBL_PET_TYPE(PET_TYPE_CODE, PET_TYPE_NAME, PET_TYPE_SIZE)
VALUES('PETTY023', 'ë¹„ê¸€', 'ì¤‘í˜•ê²¬');
INSERT INTO TBL_PET_TYPE(PET_TYPE_CODE, PET_TYPE_NAME, PET_TYPE_SIZE)
VALUES('PETTY024', 'ì…”í‹€ëžœë“œ ì‰½ë…', 'ì¤‘í˜•ê²¬');
INSERT INTO TBL_PET_TYPE(PET_TYPE_CODE, PET_TYPE_NAME, PET_TYPE_SIZE)
VALUES('PETTY025', 'ì½”ì¹´ ìŠ¤íŒŒë‹ˆì—˜', 'ì¤‘í˜•ê²¬');
INSERT INTO TBL_PET_TYPE(PET_TYPE_CODE, PET_TYPE_NAME, PET_TYPE_SIZE)
VALUES('PETTY026', 'ë¶ˆë…', 'ì¤‘í˜•ê²¬');
INSERT INTO TBL_PET_TYPE(PET_TYPE_CODE, PET_TYPE_NAME, PET_TYPE_SIZE)
VALUES('PETTY027', 'ìŠ¤íƒ ë‹¤ë“œ ìŠˆë‚˜ìš°ì €', 'ì¤‘í˜•ê²¬');
INSERT INTO TBL_PET_TYPE(PET_TYPE_CODE, PET_TYPE_NAME, PET_TYPE_SIZE)
VALUES('PETTY028', 'ì‹œë°”ê²¬', 'ì¤‘í˜•ê²¬');
INSERT INTO TBL_PET_TYPE(PET_TYPE_CODE, PET_TYPE_NAME, PET_TYPE_SIZE)
VALUES('PETTY029', 'ë‹¬ë§ˆì‹œì•ˆ', 'ëŒ€í˜•ê²¬');
INSERT INTO TBL_PET_TYPE(PET_TYPE_CODE, PET_TYPE_NAME, PET_TYPE_SIZE)
VALUES('PETTY030', 'ì°¨ìš°ì°¨ìš°', 'ëŒ€í˜•ê²¬');
INSERT INTO TBL_PET_TYPE(PET_TYPE_CODE, PET_TYPE_NAME, PET_TYPE_SIZE)
VALUES('PETTY031', 'ì‚½ì‚´ê°œ', 'ëŒ€í˜•ê²¬');
INSERT INTO TBL_PET_TYPE(PET_TYPE_CODE, PET_TYPE_NAME, PET_TYPE_SIZE)
VALUES('PETTY032', 'í•ë¶ˆí…Œë¦¬ì–´', 'ëŒ€í˜•ê²¬');
INSERT INTO TBL_PET_TYPE(PET_TYPE_CODE, PET_TYPE_NAME, PET_TYPE_SIZE)
VALUES('PETTY033', 'ì‚¬ëª¨ì˜ˆë“œ', 'ëŒ€í˜•ê²¬');
INSERT INTO TBL_PET_TYPE(PET_TYPE_CODE, PET_TYPE_NAME, PET_TYPE_SIZE)
VALUES('PETTY034', 'ì•„í”„ê°„ í•˜ìš´ë“œ', 'ëŒ€í˜•ê²¬');
INSERT INTO TBL_PET_TYPE(PET_TYPE_CODE, PET_TYPE_NAME, PET_TYPE_SIZE)
VALUES('PETTY035', 'ì•Œëž˜ìŠ¤ì¹¸ ë§¬ëŸ¬ë®¤íŠ¸', 'ëŒ€í˜•ê²¬');
INSERT INTO TBL_PET_TYPE(PET_TYPE_CODE, PET_TYPE_NAME, PET_TYPE_SIZE)
VALUES('PETTY036', 'ë²¨ì§€ì•ˆ ì‰½ë…', 'ëŒ€í˜•ê²¬');
INSERT INTO TBL_PET_TYPE(PET_TYPE_CODE, PET_TYPE_NAME, PET_TYPE_SIZE)
VALUES('PETTY037', 'ë³´ë¥´ì¡°ì´', 'ëŒ€í˜•ê²¬');
INSERT INTO TBL_PET_TYPE(PET_TYPE_CODE, PET_TYPE_NAME, PET_TYPE_SIZE)
VALUES('PETTY038', 'ë¶ˆí…Œë¦¬ì–´', 'ëŒ€í˜•ê²¬');
INSERT INTO TBL_PET_TYPE(PET_TYPE_CODE, PET_TYPE_NAME, PET_TYPE_SIZE)
VALUES('PETTY039', 'ëž˜ë¸Œë¼ë„ ë¦¬íŠ¸ë¦¬ë²„', 'ëŒ€í˜•ê²¬');
INSERT INTO TBL_PET_TYPE(PET_TYPE_CODE, PET_TYPE_NAME, PET_TYPE_SIZE)
VALUES('PETTY040', 'ê·¸ë ˆì´ í•˜ìš´ë“œ', 'ëŒ€í˜•ê²¬');
INSERT INTO TBL_PET_TYPE(PET_TYPE_CODE, PET_TYPE_NAME, PET_TYPE_SIZE)
VALUES('PETTY041', 'ì˜¬ë“œ ìž‰ê¸€ë¦¬ì‰¬ ì‰½ë…', 'ëŒ€í˜•ê²¬');
INSERT INTO TBL_PET_TYPE(PET_TYPE_CODE, PET_TYPE_NAME, PET_TYPE_SIZE)
VALUES('PETTY042', 'ê³¨ë“  ë¦¬íŠ¸ë¦¬ë²„', 'ëŒ€í˜•ê²¬');
INSERT INTO TBL_PET_TYPE(PET_TYPE_CODE, PET_TYPE_NAME, PET_TYPE_SIZE)
VALUES('PETTY043', 'ë„ë² ë¥´ë§Œ', 'ëŒ€í˜•ê²¬');
INSERT INTO TBL_PET_TYPE(PET_TYPE_CODE, PET_TYPE_NAME, PET_TYPE_SIZE)
VALUES('PETTY044', 'ì…°í¼ë“œ', 'ëŒ€í˜•ê²¬');
INSERT INTO TBL_PET_TYPE(PET_TYPE_CODE, PET_TYPE_NAME, PET_TYPE_SIZE)
VALUES('PETTY045', 'ê·¸ë ˆì´íŠ¸ í”¼ë ˆë‹ˆì¦ˆ', 'ëŒ€í˜•ê²¬');

SELECT *
FROM TBL_PET_TYPE;

-- 25. TBL_RELATION_TYPE : ì–‘ìœ¡ê´€ê³„ì¢…ë¥˜
CREATE TABLE TBL_RELATION_TYPE
( RELATION_TYPE_CODE        VARCHAR2(2)
, RELATION_TYPE_CONTENT    VARCHAR2(50) NOT NULL
, CONSTRAINT RELATIONTYPE_CODE_PK PRIMARY KEY(RELATION_TYPE_CODE)
);
--==>> Table TBL_RELATION_TYPEì´(ê°€) ìƒì„±ë˜ì—ˆìŠµë‹ˆë‹¤.

DESC TBL_RELATION_TYPE;
--==>>
/*
ì´ë¦„                    ë„?       ìœ í˜•           
--------------------- -------- ------------ 
RELATION_TYPE_CODE    NOT NULL VARCHAR2(2)  
RELATION_TYPE_CONTENT NOT NULL VARCHAR2(50) 
*/

INSERT INTO TBL_RELATION_TYPE(RELATION_TYPE_CODE, RELATION_TYPE_CONTENT)
VALUES('1', 'ì£¼ì–‘ìœ¡ìž');
INSERT INTO TBL_RELATION_TYPE(RELATION_TYPE_CODE, RELATION_TYPE_CONTENT)
VALUES('2', 'ë³´ì¡°ì–‘ìœ¡ìž');
--==>> 1 í–‰ ì´(ê°€) ì‚½ìž…ë˜ì—ˆìŠµë‹ˆë‹¤. * 2

SELECT *
FROM TBL_RELATION_TYPE;
--==>>
/*
1	ì£¼ì–‘ìœ¡ìž
2	ë³´ì¡°ì–‘ìœ¡ìž
*/

-- ì»¤ë°‹
COMMIT;
--==>> ì»¤ë°‹ ì™„ë£Œ.


-- 26.
-- 27.
-- 28.
-- 29.
-- 30.
-- 31.
-- 32.
-- 33.
-- 34.
-- 35.
-- 36.
-- 37.
-- 38.
-- 39.
-- 40.
-- 41.
-- 42.
-- 43.
-- 44.
-- 45.
-- 46.